State_name,District_name,School_name,Student_id,Student_name,Student_mark
State_1,District_1,School_1,1,Student_1,828
State_1,District_1,School_1,2,Student_2,24
State_1,District_1,School_1,3,Student_3,86
State_1,District_1,School_1,4,Student_4,773
State_1,District_1,School_1,5,Student_5,619
State_1,District_1,School_1,6,Student_6,537
State_1,District_1,School_1,7,Student_7,184
State_1,District_1,School_1,8,Student_8,174
State_1,District_1,School_1,9,Student_9,756
State_1,District_1,School_1,10,Student_10,984
State_1,District_1,School_2,11,Student_11,927
State_1,District_1,School_2,12,Student_12,6
State_1,District_1,School_2,13,Student_13,353
State_1,District_1,School_2,14,Student_14,467
State_1,District_1,School_2,15,Student_15,654
State_1,District_1,School_2,16,Student_16,849
State_1,District_1,School_2,17,Student_17,930
State_1,District_1,School_2,18,Student_18,58
State_1,District_1,School_2,19,Student_19,467
State_1,District_1,School_2,20,Student_20,15
State_1,District_1,School_3,21,Student_21,785
State_1,District_1,School_3,22,Student_22,229
State_1,District_1,School_3,23,Student_23,173
State_1,District_1,School_3,24,Student_24,840
State_1,District_1,School_3,25,Student_25,128
State_1,District_1,School_3,26,Student_26,563
State_1,District_1,School_3,27,Student_27,153
State_1,District_1,School_3,28,Student_28,243
State_1,District_1,School_3,29,Student_29,313
State_1,District_1,School_3,30,Student_30,924
State_1,District_1,School_4,31,Student_31,571
State_1,District_1,School_4,32,Student_32,428
State_1,District_1,School_4,33,Student_33,81
State_1,District_1,School_4,34,Student_34,52
State_1,District_1,School_4,35,Student_35,251
State_1,District_1,School_4,36,Student_36,79
State_1,District_1,School_4,37,Student_37,856
State_1,District_1,School_4,38,Student_38,795
State_1,District_1,School_4,39,Student_39,333
State_1,District_1,School_4,40,Student_40,684
State_1,District_1,School_5,41,Student_41,829
State_1,District_1,School_5,42,Student_42,25
State_1,District_1,School_5,43,Student_43,728
State_1,District_1,School_5,44,Student_44,70
State_1,District_1,School_5,45,Student_45,77
State_1,District_1,School_5,46,Student_46,996
State_1,District_1,School_5,47,Student_47,224
State_1,District_1,School_5,48,Student_48,305
State_1,District_1,School_5,49,Student_49,412
State_1,District_1,School_5,50,Student_50,471
State_1,District_2,School_1,51,Student_51,663
State_1,District_2,School_1,52,Student_52,484
State_1,District_2,School_1,53,Student_53,34
State_1,District_2,School_1,54,Student_54,429
State_1,District_2,School_1,55,Student_55,224
State_1,District_2,School_1,56,Student_56,135
State_1,District_2,School_1,57,Student_57,586
State_1,District_2,School_1,58,Student_58,282
State_1,District_2,School_1,59,Student_59,997
State_1,District_2,School_1,60,Student_60,302
State_1,District_2,School_2,61,Student_61,691
State_1,District_2,School_2,62,Student_62,555
State_1,District_2,School_2,63,Student_63,208
State_1,District_2,School_2,64,Student_64,708
State_1,District_2,School_2,65,Student_65,834
State_1,District_2,School_2,66,Student_66,148
State_1,District_2,School_2,67,Student_67,5
State_1,District_2,School_2,68,Student_68,972
State_1,District_2,School_2,69,Student_69,425
State_1,District_2,School_2,70,Student_70,671
State_1,District_2,School_3,71,Student_71,17
State_1,District_2,School_3,72,Student_72,300
State_1,District_2,School_3,73,Student_73,761
State_1,District_2,School_3,74,Student_74,858
State_1,District_2,School_3,75,Student_75,501
State_1,District_2,School_3,76,Student_76,942
State_1,District_2,School_3,77,Student_77,705
State_1,District_2,School_3,78,Student_78,315
State_1,District_2,School_3,79,Student_79,542
State_1,District_2,School_3,80,Student_80,412
State_1,District_2,School_4,81,Student_81,135
State_1,District_2,School_4,82,Student_82,800
State_1,District_2,School_4,83,Student_83,177
State_1,District_2,School_4,84,Student_84,765
State_1,District_2,School_4,85,Student_85,168
State_1,District_2,School_4,86,Student_86,696
State_1,District_2,School_4,87,Student_87,348
State_1,District_2,School_4,88,Student_88,446
State_1,District_2,School_4,89,Student_89,724
State_1,District_2,School_4,90,Student_90,99
State_1,District_2,School_5,91,Student_91,577
State_1,District_2,School_5,92,Student_92,195
State_1,District_2,School_5,93,Student_93,404
State_1,District_2,School_5,94,Student_94,975
State_1,District_2,School_5,95,Student_95,574
State_1,District_2,School_5,96,Student_96,812
State_1,District_2,School_5,97,Student_97,198
State_1,District_2,School_5,98,Student_98,491
State_1,District_2,School_5,99,Student_99,220
State_1,District_2,School_5,100,Student_100,262
State_1,District_3,School_1,101,Student_101,137
State_1,District_3,School_1,102,Student_102,149
State_1,District_3,School_1,103,Student_103,563
State_1,District_3,School_1,104,Student_104,162
State_1,District_3,School_1,105,Student_105,634
State_1,District_3,School_1,106,Student_106,407
State_1,District_3,School_1,107,Student_107,504
State_1,District_3,School_1,108,Student_108,244
State_1,District_3,School_1,109,Student_109,138
State_1,District_3,School_1,110,Student_110,42
State_1,District_3,School_2,111,Student_111,834
State_1,District_3,School_2,112,Student_112,692
State_1,District_3,School_2,113,Student_113,850
State_1,District_3,School_2,114,Student_114,77
State_1,District_3,School_2,115,Student_115,293
State_1,District_3,School_2,116,Student_116,270
State_1,District_3,School_2,117,Student_117,134
State_1,District_3,School_2,118,Student_118,150
State_1,District_3,School_2,119,Student_119,248
State_1,District_3,School_2,120,Student_120,187
State_1,District_3,School_3,121,Student_121,511
State_1,District_3,School_3,122,Student_122,80
State_1,District_3,School_3,123,Student_123,334
State_1,District_3,School_3,124,Student_124,998
State_1,District_3,School_3,125,Student_125,760
State_1,District_3,School_3,126,Student_126,959
State_1,District_3,School_3,127,Student_127,762
State_1,District_3,School_3,128,Student_128,465
State_1,District_3,School_3,129,Student_129,627
State_1,District_3,School_3,130,Student_130,758
State_1,District_3,School_4,131,Student_131,425
State_1,District_3,School_4,132,Student_132,952
State_1,District_3,School_4,133,Student_133,375
State_1,District_3,School_4,134,Student_134,483
State_1,District_3,School_4,135,Student_135,123
State_1,District_3,School_4,136,Student_136,59
State_1,District_3,School_4,137,Student_137,275
State_1,District_3,School_4,138,Student_138,37
State_1,District_3,School_4,139,Student_139,222
State_1,District_3,School_4,140,Student_140,942
State_1,District_3,School_5,141,Student_141,915
State_1,District_3,School_5,142,Student_142,675
State_1,District_3,School_5,143,Student_143,52
State_1,District_3,School_5,144,Student_144,22
State_1,District_3,School_5,145,Student_145,200
State_1,District_3,School_5,146,Student_146,141
State_1,District_3,School_5,147,Student_147,282
State_1,District_3,School_5,148,Student_148,397
State_1,District_3,School_5,149,Student_149,982
State_1,District_3,School_5,150,Student_150,732
State_1,District_4,School_1,151,Student_151,506
State_1,District_4,School_1,152,Student_152,205
State_1,District_4,School_1,153,Student_153,611
State_1,District_4,School_1,154,Student_154,44
State_1,District_4,School_1,155,Student_155,309
State_1,District_4,School_1,156,Student_156,777
State_1,District_4,School_1,157,Student_157,651
State_1,District_4,School_1,158,Student_158,568
State_1,District_4,School_1,159,Student_159,578
State_1,District_4,School_1,160,Student_160,646
State_1,District_4,School_2,161,Student_161,615
State_1,District_4,School_2,162,Student_162,927
State_1,District_4,School_2,163,Student_163,275
State_1,District_4,School_2,164,Student_164,91
State_1,District_4,School_2,165,Student_165,173
State_1,District_4,School_2,166,Student_166,493
State_1,District_4,School_2,167,Student_167,349
State_1,District_4,School_2,168,Student_168,648
State_1,District_4,School_2,169,Student_169,860
State_1,District_4,School_2,170,Student_170,332
State_1,District_4,School_3,171,Student_171,562
State_1,District_4,School_3,172,Student_172,671
State_1,District_4,School_3,173,Student_173,103
State_1,District_4,School_3,174,Student_174,200
State_1,District_4,School_3,175,Student_175,391
State_1,District_4,School_3,176,Student_176,156
State_1,District_4,School_3,177,Student_177,293
State_1,District_4,School_3,178,Student_178,135
State_1,District_4,School_3,179,Student_179,211
State_1,District_4,School_3,180,Student_180,70
State_1,District_4,School_4,181,Student_181,781
State_1,District_4,School_4,182,Student_182,465
State_1,District_4,School_4,183,Student_183,661
State_1,District_4,School_4,184,Student_184,665
State_1,District_4,School_4,185,Student_185,244
State_1,District_4,School_4,186,Student_186,97
State_1,District_4,School_4,187,Student_187,533
State_1,District_4,School_4,188,Student_188,112
State_1,District_4,School_4,189,Student_189,42
State_1,District_4,School_4,190,Student_190,58
State_1,District_4,School_5,191,Student_191,825
State_1,District_4,School_5,192,Student_192,157
State_1,District_4,School_5,193,Student_193,6
State_1,District_4,School_5,194,Student_194,932
State_1,District_4,School_5,195,Student_195,721
State_1,District_4,School_5,196,Student_196,380
State_1,District_4,School_5,197,Student_197,278
State_1,District_4,School_5,198,Student_198,700
State_1,District_4,School_5,199,Student_199,510
State_1,District_4,School_5,200,Student_200,963
State_1,District_5,School_1,201,Student_201,203
State_1,District_5,School_1,202,Student_202,861
State_1,District_5,School_1,203,Student_203,444
State_1,District_5,School_1,204,Student_204,61
State_1,District_5,School_1,205,Student_205,239
State_1,District_5,School_1,206,Student_206,151
State_1,District_5,School_1,207,Student_207,224
State_1,District_5,School_1,208,Student_208,695
State_1,District_5,School_1,209,Student_209,938
State_1,District_5,School_1,210,Student_210,914
State_1,District_5,School_2,211,Student_211,195
State_1,District_5,School_2,212,Student_212,466
State_1,District_5,School_2,213,Student_213,282
State_1,District_5,School_2,214,Student_214,185
State_1,District_5,School_2,215,Student_215,295
State_1,District_5,School_2,216,Student_216,959
State_1,District_5,School_2,217,Student_217,417
State_1,District_5,School_2,218,Student_218,86
State_1,District_5,School_2,219,Student_219,125
State_1,District_5,School_2,220,Student_220,718
State_1,District_5,School_3,221,Student_221,588
State_1,District_5,School_3,222,Student_222,274
State_1,District_5,School_3,223,Student_223,100
State_1,District_5,School_3,224,Student_224,142
State_1,District_5,School_3,225,Student_225,161
State_1,District_5,School_3,226,Student_226,591
State_1,District_5,School_3,227,Student_227,710
State_1,District_5,School_3,228,Student_228,301
State_1,District_5,School_3,229,Student_229,560
State_1,District_5,School_3,230,Student_230,182
State_1,District_5,School_4,231,Student_231,228
State_1,District_5,School_4,232,Student_232,411
State_1,District_5,School_4,233,Student_233,597
State_1,District_5,School_4,234,Student_234,143
State_1,District_5,School_4,235,Student_235,845
State_1,District_5,School_4,236,Student_236,526
State_1,District_5,School_4,237,Student_237,90
State_1,District_5,School_4,238,Student_238,668
State_1,District_5,School_4,239,Student_239,307
State_1,District_5,School_4,240,Student_240,305
State_1,District_5,School_5,241,Student_241,813
State_1,District_5,School_5,242,Student_242,536
State_1,District_5,School_5,243,Student_243,300
State_1,District_5,School_5,244,Student_244,517
State_1,District_5,School_5,245,Student_245,991
State_1,District_5,School_5,246,Student_246,761
State_1,District_5,School_5,247,Student_247,979
State_1,District_5,School_5,248,Student_248,94
State_1,District_5,School_5,249,Student_249,48
State_1,District_5,School_5,250,Student_250,582
State_2,District_1,School_1,251,Student_251,369
State_2,District_1,School_1,252,Student_252,140
State_2,District_1,School_1,253,Student_253,663
State_2,District_1,School_1,254,Student_254,886
State_2,District_1,School_1,255,Student_255,145
State_2,District_1,School_1,256,Student_256,353
State_2,District_1,School_1,257,Student_257,210
State_2,District_1,School_1,258,Student_258,204
State_2,District_1,School_1,259,Student_259,112
State_2,District_1,School_1,260,Student_260,709
State_2,District_1,School_2,261,Student_261,58
State_2,District_1,School_2,262,Student_262,113
State_2,District_1,School_2,263,Student_263,595
State_2,District_1,School_2,264,Student_264,943
State_2,District_1,School_2,265,Student_265,221
State_2,District_1,School_2,266,Student_266,165
State_2,District_1,School_2,267,Student_267,125
State_2,District_1,School_2,268,Student_268,671
State_2,District_1,School_2,269,Student_269,925
State_2,District_1,School_2,270,Student_270,71
State_2,District_1,School_3,271,Student_271,3
State_2,District_1,School_3,272,Student_272,216
State_2,District_1,School_3,273,Student_273,494
State_2,District_1,School_3,274,Student_274,894
State_2,District_1,School_3,275,Student_275,572
State_2,District_1,School_3,276,Student_276,268
State_2,District_1,School_3,277,Student_277,280
State_2,District_1,School_3,278,Student_278,70
State_2,District_1,School_3,279,Student_279,545
State_2,District_1,School_3,280,Student_280,400
State_2,District_1,School_4,281,Student_281,629
State_2,District_1,School_4,282,Student_282,241
State_2,District_1,School_4,283,Student_283,140
State_2,District_1,School_4,284,Student_284,38
State_2,District_1,School_4,285,Student_285,995
State_2,District_1,School_4,286,Student_286,629
State_2,District_1,School_4,287,Student_287,670
State_2,District_1,School_4,288,Student_288,295
State_2,District_1,School_4,289,Student_289,178
State_2,District_1,School_4,290,Student_290,686
State_2,District_1,School_5,291,Student_291,718
State_2,District_1,School_5,292,Student_292,259
State_2,District_1,School_5,293,Student_293,502
State_2,District_1,School_5,294,Student_294,682
State_2,District_1,School_5,295,Student_295,379
State_2,District_1,School_5,296,Student_296,477
State_2,District_1,School_5,297,Student_297,401
State_2,District_1,School_5,298,Student_298,907
State_2,District_1,School_5,299,Student_299,644
State_2,District_1,School_5,300,Student_300,432
State_2,District_2,School_1,301,Student_301,634
State_2,District_2,School_1,302,Student_302,612
State_2,District_2,School_1,303,Student_303,340
State_2,District_2,School_1,304,Student_304,695
State_2,District_2,School_1,305,Student_305,512
State_2,District_2,School_1,306,Student_306,613
State_2,District_2,School_1,307,Student_307,529
State_2,District_2,School_1,308,Student_308,386
State_2,District_2,School_1,309,Student_309,869
State_2,District_2,School_1,310,Student_310,842
State_2,District_2,School_2,311,Student_311,875
State_2,District_2,School_2,312,Student_312,494
State_2,District_2,School_2,313,Student_313,780
State_2,District_2,School_2,314,Student_314,170
State_2,District_2,School_2,315,Student_315,376
State_2,District_2,School_2,316,Student_316,77
State_2,District_2,School_2,317,Student_317,643
State_2,District_2,School_2,318,Student_318,989
State_2,District_2,School_2,319,Student_319,447
State_2,District_2,School_2,320,Student_320,814
State_2,District_2,School_3,321,Student_321,351
State_2,District_2,School_3,322,Student_322,726
State_2,District_2,School_3,323,Student_323,270
State_2,District_2,School_3,324,Student_324,324
State_2,District_2,School_3,325,Student_325,734
State_2,District_2,School_3,326,Student_326,996
State_2,District_2,School_3,327,Student_327,926
State_2,District_2,School_3,328,Student_328,336
State_2,District_2,School_3,329,Student_329,974
State_2,District_2,School_3,330,Student_330,251
State_2,District_2,School_4,331,Student_331,734
State_2,District_2,School_4,332,Student_332,97
State_2,District_2,School_4,333,Student_333,282
State_2,District_2,School_4,334,Student_334,171
State_2,District_2,School_4,335,Student_335,217
State_2,District_2,School_4,336,Student_336,362
State_2,District_2,School_4,337,Student_337,568
State_2,District_2,School_4,338,Student_338,640
State_2,District_2,School_4,339,Student_339,578
State_2,District_2,School_4,340,Student_340,362
State_2,District_2,School_5,341,Student_341,948
State_2,District_2,School_5,342,Student_342,792
State_2,District_2,School_5,343,Student_343,953
State_2,District_2,School_5,344,Student_344,276
State_2,District_2,School_5,345,Student_345,406
State_2,District_2,School_5,346,Student_346,361
State_2,District_2,School_5,347,Student_347,426
State_2,District_2,School_5,348,Student_348,184
State_2,District_2,School_5,349,Student_349,472
State_2,District_2,School_5,350,Student_350,356
State_2,District_3,School_1,351,Student_351,739
State_2,District_3,School_1,352,Student_352,655
State_2,District_3,School_1,353,Student_353,192
State_2,District_3,School_1,354,Student_354,694
State_2,District_3,School_1,355,Student_355,412
State_2,District_3,School_1,356,Student_356,154
State_2,District_3,School_1,357,Student_357,173
State_2,District_3,School_1,358,Student_358,518
State_2,District_3,School_1,359,Student_359,321
State_2,District_3,School_1,360,Student_360,520
State_2,District_3,School_2,361,Student_361,260
State_2,District_3,School_2,362,Student_362,382
State_2,District_3,School_2,363,Student_363,525
State_2,District_3,School_2,364,Student_364,386
State_2,District_3,School_2,365,Student_365,42
State_2,District_3,School_2,366,Student_366,888
State_2,District_3,School_2,367,Student_367,572
State_2,District_3,School_2,368,Student_368,78
State_2,District_3,School_2,369,Student_369,499
State_2,District_3,School_2,370,Student_370,2
State_2,District_3,School_3,371,Student_371,943
State_2,District_3,School_3,372,Student_372,439
State_2,District_3,School_3,373,Student_373,582
State_2,District_3,School_3,374,Student_374,307
State_2,District_3,School_3,375,Student_375,521
State_2,District_3,School_3,376,Student_376,380
State_2,District_3,School_3,377,Student_377,271
State_2,District_3,School_3,378,Student_378,954
State_2,District_3,School_3,379,Student_379,655
State_2,District_3,School_3,380,Student_380,330
State_2,District_3,School_4,381,Student_381,251
State_2,District_3,School_4,382,Student_382,294
State_2,District_3,School_4,383,Student_383,961
State_2,District_3,School_4,384,Student_384,27
State_2,District_3,School_4,385,Student_385,451
State_2,District_3,School_4,386,Student_386,912
State_2,District_3,School_4,387,Student_387,206
State_2,District_3,School_4,388,Student_388,843
State_2,District_3,School_4,389,Student_389,508
State_2,District_3,School_4,390,Student_390,307
State_2,District_3,School_5,391,Student_391,796
State_2,District_3,School_5,392,Student_392,79
State_2,District_3,School_5,393,Student_393,490
State_2,District_3,School_5,394,Student_394,863
State_2,District_3,School_5,395,Student_395,805
State_2,District_3,School_5,396,Student_396,4
State_2,District_3,School_5,397,Student_397,559
State_2,District_3,School_5,398,Student_398,339
State_2,District_3,School_5,399,Student_399,419
State_2,District_3,School_5,400,Student_400,14
State_2,District_4,School_1,401,Student_401,320
State_2,District_4,School_1,402,Student_402,698
State_2,District_4,School_1,403,Student_403,501
State_2,District_4,School_1,404,Student_404,285
State_2,District_4,School_1,405,Student_405,815
State_2,District_4,School_1,406,Student_406,593
State_2,District_4,School_1,407,Student_407,849
State_2,District_4,School_1,408,Student_408,407
State_2,District_4,School_1,409,Student_409,369
State_2,District_4,School_1,410,Student_410,178
State_2,District_4,School_2,411,Student_411,516
State_2,District_4,School_2,412,Student_412,717
State_2,District_4,School_2,413,Student_413,253
State_2,District_4,School_2,414,Student_414,367
State_2,District_4,School_2,415,Student_415,233
State_2,District_4,School_2,416,Student_416,148
State_2,District_4,School_2,417,Student_417,695
State_2,District_4,School_2,418,Student_418,291
State_2,District_4,School_2,419,Student_419,956
State_2,District_4,School_2,420,Student_420,979
State_2,District_4,School_3,421,Student_421,901
State_2,District_4,School_3,422,Student_422,782
State_2,District_4,School_3,423,Student_423,899
State_2,District_4,School_3,424,Student_424,736
State_2,District_4,School_3,425,Student_425,708
State_2,District_4,School_3,426,Student_426,539
State_2,District_4,School_3,427,Student_427,911
State_2,District_4,School_3,428,Student_428,274
State_2,District_4,School_3,429,Student_429,345
State_2,District_4,School_3,430,Student_430,813
State_2,District_4,School_4,431,Student_431,9
State_2,District_4,School_4,432,Student_432,25
State_2,District_4,School_4,433,Student_433,873
State_2,District_4,School_4,434,Student_434,382
State_2,District_4,School_4,435,Student_435,564
State_2,District_4,School_4,436,Student_436,637
State_2,District_4,School_4,437,Student_437,129
State_2,District_4,School_4,438,Student_438,9
State_2,District_4,School_4,439,Student_439,177
State_2,District_4,School_4,440,Student_440,447
State_2,District_4,School_5,441,Student_441,991
State_2,District_4,School_5,442,Student_442,114
State_2,District_4,School_5,443,Student_443,168
State_2,District_4,School_5,444,Student_444,388
State_2,District_4,School_5,445,Student_445,626
State_2,District_4,School_5,446,Student_446,548
State_2,District_4,School_5,447,Student_447,411
State_2,District_4,School_5,448,Student_448,535
State_2,District_4,School_5,449,Student_449,521
State_2,District_4,School_5,450,Student_450,420
State_2,District_5,School_1,451,Student_451,579
State_2,District_5,School_1,452,Student_452,559
State_2,District_5,School_1,453,Student_453,291
State_2,District_5,School_1,454,Student_454,159
State_2,District_5,School_1,455,Student_455,581
State_2,District_5,School_1,456,Student_456,182
State_2,District_5,School_1,457,Student_457,89
State_2,District_5,School_1,458,Student_458,330
State_2,District_5,School_1,459,Student_459,992
State_2,District_5,School_1,460,Student_460,28
State_2,District_5,School_2,461,Student_461,287
State_2,District_5,School_2,462,Student_462,720
State_2,District_5,School_2,463,Student_463,475
State_2,District_5,School_2,464,Student_464,146
State_2,District_5,School_2,465,Student_465,145
State_2,District_5,School_2,466,Student_466,677
State_2,District_5,School_2,467,Student_467,923
State_2,District_5,School_2,468,Student_468,422
State_2,District_5,School_2,469,Student_469,426
State_2,District_5,School_2,470,Student_470,55
State_2,District_5,School_3,471,Student_471,541
State_2,District_5,School_3,472,Student_472,32
State_2,District_5,School_3,473,Student_473,775
State_2,District_5,School_3,474,Student_474,322
State_2,District_5,School_3,475,Student_475,188
State_2,District_5,School_3,476,Student_476,287
State_2,District_5,School_3,477,Student_477,876
State_2,District_5,School_3,478,Student_478,375
State_2,District_5,School_3,479,Student_479,76
State_2,District_5,School_3,480,Student_480,280
State_2,District_5,School_4,481,Student_481,570
State_2,District_5,School_4,482,Student_482,719
State_2,District_5,School_4,483,Student_483,867
State_2,District_5,School_4,484,Student_484,87
State_2,District_5,School_4,485,Student_485,659
State_2,District_5,School_4,486,Student_486,165
State_2,District_5,School_4,487,Student_487,448
State_2,District_5,School_4,488,Student_488,607
State_2,District_5,School_4,489,Student_489,34
State_2,District_5,School_4,490,Student_490,269
State_2,District_5,School_5,491,Student_491,800
State_2,District_5,School_5,492,Student_492,126
State_2,District_5,School_5,493,Student_493,599
State_2,District_5,School_5,494,Student_494,91
State_2,District_5,School_5,495,Student_495,577
State_2,District_5,School_5,496,Student_496,690
State_2,District_5,School_5,497,Student_497,395
State_2,District_5,School_5,498,Student_498,177
State_2,District_5,School_5,499,Student_499,256
State_2,District_5,School_5,500,Student_500,134
State_3,District_1,School_1,501,Student_501,472
State_3,District_1,School_1,502,Student_502,127
State_3,District_1,School_1,503,Student_503,51
State_3,District_1,School_1,504,Student_504,98
State_3,District_1,School_1,505,Student_505,672
State_3,District_1,School_1,506,Student_506,583
State_3,District_1,School_1,507,Student_507,685
State_3,District_1,School_1,508,Student_508,753
State_3,District_1,School_1,509,Student_509,415
State_3,District_1,School_1,510,Student_510,118
State_3,District_1,School_2,511,Student_511,570
State_3,District_1,School_2,512,Student_512,973
State_3,District_1,School_2,513,Student_513,773
State_3,District_1,School_2,514,Student_514,769
State_3,District_1,School_2,515,Student_515,639
State_3,District_1,School_2,516,Student_516,407
State_3,District_1,School_2,517,Student_517,391
State_3,District_1,School_2,518,Student_518,678
State_3,District_1,School_2,519,Student_519,853
State_3,District_1,School_2,520,Student_520,689
State_3,District_1,School_3,521,Student_521,5
State_3,District_1,School_3,522,Student_522,568
State_3,District_1,School_3,523,Student_523,139
State_3,District_1,School_3,524,Student_524,959
State_3,District_1,School_3,525,Student_525,107
State_3,District_1,School_3,526,Student_526,297
State_3,District_1,School_3,527,Student_527,300
State_3,District_1,School_3,528,Student_528,704
State_3,District_1,School_3,529,Student_529,587
State_3,District_1,School_3,530,Student_530,225
State_3,District_1,School_4,531,Student_531,90
State_3,District_1,School_4,532,Student_532,210
State_3,District_1,School_4,533,Student_533,995
State_3,District_1,School_4,534,Student_534,568
State_3,District_1,School_4,535,Student_535,213
State_3,District_1,School_4,536,Student_536,252
State_3,District_1,School_4,537,Student_537,826
State_3,District_1,School_4,538,Student_538,342
State_3,District_1,School_4,539,Student_539,349
State_3,District_1,School_4,540,Student_540,717
State_3,District_1,School_5,541,Student_541,303
State_3,District_1,School_5,542,Student_542,948
State_3,District_1,School_5,543,Student_543,934
State_3,District_1,School_5,544,Student_544,555
State_3,District_1,School_5,545,Student_545,429
State_3,District_1,School_5,546,Student_546,452
State_3,District_1,School_5,547,Student_547,940
State_3,District_1,School_5,548,Student_548,826
State_3,District_1,School_5,549,Student_549,284
State_3,District_1,School_5,550,Student_550,888
State_3,District_2,School_1,551,Student_551,801
State_3,District_2,School_1,552,Student_552,452
State_3,District_2,School_1,553,Student_553,756
State_3,District_2,School_1,554,Student_554,28
State_3,District_2,School_1,555,Student_555,426
State_3,District_2,School_1,556,Student_556,417
State_3,District_2,School_1,557,Student_557,908
State_3,District_2,School_1,558,Student_558,753
State_3,District_2,School_1,559,Student_559,781
State_3,District_2,School_1,560,Student_560,255
State_3,District_2,School_2,561,Student_561,366
State_3,District_2,School_2,562,Student_562,588
State_3,District_2,School_2,563,Student_563,14
State_3,District_2,School_2,564,Student_564,449
State_3,District_2,School_2,565,Student_565,362
State_3,District_2,School_2,566,Student_566,42
State_3,District_2,School_2,567,Student_567,139
State_3,District_2,School_2,568,Student_568,972
State_3,District_2,School_2,569,Student_569,470
State_3,District_2,School_2,570,Student_570,738
State_3,District_2,School_3,571,Student_571,920
State_3,District_2,School_3,572,Student_572,544
State_3,District_2,School_3,573,Student_573,880
State_3,District_2,School_3,574,Student_574,937
State_3,District_2,School_3,575,Student_575,276
State_3,District_2,School_3,576,Student_576,720
State_3,District_2,School_3,577,Student_577,559
State_3,District_2,School_3,578,Student_578,890
State_3,District_2,School_3,579,Student_579,40
State_3,District_2,School_3,580,Student_580,351
State_3,District_2,School_4,581,Student_581,369
State_3,District_2,School_4,582,Student_582,376
State_3,District_2,School_4,583,Student_583,459
State_3,District_2,School_4,584,Student_584,258
State_3,District_2,School_4,585,Student_585,862
State_3,District_2,School_4,586,Student_586,179
State_3,District_2,School_4,587,Student_587,809
State_3,District_2,School_4,588,Student_588,581
State_3,District_2,School_4,589,Student_589,633
State_3,District_2,School_4,590,Student_590,34
State_3,District_2,School_5,591,Student_591,354
State_3,District_2,School_5,592,Student_592,634
State_3,District_2,School_5,593,Student_593,681
State_3,District_2,School_5,594,Student_594,132
State_3,District_2,School_5,595,Student_595,994
State_3,District_2,School_5,596,Student_596,84
State_3,District_2,School_5,597,Student_597,427
State_3,District_2,School_5,598,Student_598,789
State_3,District_2,School_5,599,Student_599,722
State_3,District_2,School_5,600,Student_600,288
State_3,District_3,School_1,601,Student_601,642
State_3,District_3,School_1,602,Student_602,878
State_3,District_3,School_1,603,Student_603,242
State_3,District_3,School_1,604,Student_604,518
State_3,District_3,School_1,605,Student_605,321
State_3,District_3,School_1,606,Student_606,295
State_3,District_3,School_1,607,Student_607,72
State_3,District_3,School_1,608,Student_608,699
State_3,District_3,School_1,609,Student_609,871
State_3,District_3,School_1,610,Student_610,876
State_3,District_3,School_2,611,Student_611,75
State_3,District_3,School_2,612,Student_612,85
State_3,District_3,School_2,613,Student_613,793
State_3,District_3,School_2,614,Student_614,984
State_3,District_3,School_2,615,Student_615,698
State_3,District_3,School_2,616,Student_616,614
State_3,District_3,School_2,617,Student_617,326
State_3,District_3,School_2,618,Student_618,506
State_3,District_3,School_2,619,Student_619,59
State_3,District_3,School_2,620,Student_620,903
State_3,District_3,School_3,621,Student_621,672
State_3,District_3,School_3,622,Student_622,94
State_3,District_3,School_3,623,Student_623,746
State_3,District_3,School_3,624,Student_624,542
State_3,District_3,School_3,625,Student_625,99
State_3,District_3,School_3,626,Student_626,200
State_3,District_3,School_3,627,Student_627,74
State_3,District_3,School_3,628,Student_628,781
State_3,District_3,School_3,629,Student_629,961
State_3,District_3,School_3,630,Student_630,274
State_3,District_3,School_4,631,Student_631,41
State_3,District_3,School_4,632,Student_632,133
State_3,District_3,School_4,633,Student_633,514
State_3,District_3,School_4,634,Student_634,565
State_3,District_3,School_4,635,Student_635,713
State_3,District_3,School_4,636,Student_636,672
State_3,District_3,School_4,637,Student_637,732
State_3,District_3,School_4,638,Student_638,377
State_3,District_3,School_4,639,Student_639,812
State_3,District_3,School_4,640,Student_640,284
State_3,District_3,School_5,641,Student_641,207
State_3,District_3,School_5,642,Student_642,729
State_3,District_3,School_5,643,Student_643,47
State_3,District_3,School_5,644,Student_644,563
State_3,District_3,School_5,645,Student_645,507
State_3,District_3,School_5,646,Student_646,975
State_3,District_3,School_5,647,Student_647,345
State_3,District_3,School_5,648,Student_648,334
State_3,District_3,School_5,649,Student_649,668
State_3,District_3,School_5,650,Student_650,829
State_3,District_4,School_1,651,Student_651,100
State_3,District_4,School_1,652,Student_652,569
State_3,District_4,School_1,653,Student_653,783
State_3,District_4,School_1,654,Student_654,261
State_3,District_4,School_1,655,Student_655,558
State_3,District_4,School_1,656,Student_656,461
State_3,District_4,School_1,657,Student_657,597
State_3,District_4,School_1,658,Student_658,598
State_3,District_4,School_1,659,Student_659,556
State_3,District_4,School_1,660,Student_660,642
State_3,District_4,School_2,661,Student_661,850
State_3,District_4,School_2,662,Student_662,888
State_3,District_4,School_2,663,Student_663,730
State_3,District_4,School_2,664,Student_664,503
State_3,District_4,School_2,665,Student_665,944
State_3,District_4,School_2,666,Student_666,355
State_3,District_4,School_2,667,Student_667,468
State_3,District_4,School_2,668,Student_668,839
State_3,District_4,School_2,669,Student_669,433
State_3,District_4,School_2,670,Student_670,693
State_3,District_4,School_3,671,Student_671,880
State_3,District_4,School_3,672,Student_672,512
State_3,District_4,School_3,673,Student_673,926
State_3,District_4,School_3,674,Student_674,693
State_3,District_4,School_3,675,Student_675,476
State_3,District_4,School_3,676,Student_676,42
State_3,District_4,School_3,677,Student_677,660
State_3,District_4,School_3,678,Student_678,377
State_3,District_4,School_3,679,Student_679,66
State_3,District_4,School_3,680,Student_680,551
State_3,District_4,School_4,681,Student_681,196
State_3,District_4,School_4,682,Student_682,636
State_3,District_4,School_4,683,Student_683,992
State_3,District_4,School_4,684,Student_684,309
State_3,District_4,School_4,685,Student_685,843
State_3,District_4,School_4,686,Student_686,800
State_3,District_4,School_4,687,Student_687,398
State_3,District_4,School_4,688,Student_688,154
State_3,District_4,School_4,689,Student_689,814
State_3,District_4,School_4,690,Student_690,915
State_3,District_4,School_5,691,Student_691,244
State_3,District_4,School_5,692,Student_692,457
State_3,District_4,School_5,693,Student_693,572
State_3,District_4,School_5,694,Student_694,121
State_3,District_4,School_5,695,Student_695,819
State_3,District_4,School_5,696,Student_696,860
State_3,District_4,School_5,697,Student_697,485
State_3,District_4,School_5,698,Student_698,20
State_3,District_4,School_5,699,Student_699,787
State_3,District_4,School_5,700,Student_700,152
State_3,District_5,School_1,701,Student_701,330
State_3,District_5,School_1,702,Student_702,260
State_3,District_5,School_1,703,Student_703,738
State_3,District_5,School_1,704,Student_704,117
State_3,District_5,School_1,705,Student_705,379
State_3,District_5,School_1,706,Student_706,788
State_3,District_5,School_1,707,Student_707,632
State_3,District_5,School_1,708,Student_708,881
State_3,District_5,School_1,709,Student_709,723
State_3,District_5,School_1,710,Student_710,791
State_3,District_5,School_2,711,Student_711,557
State_3,District_5,School_2,712,Student_712,442
State_3,District_5,School_2,713,Student_713,206
State_3,District_5,School_2,714,Student_714,439
State_3,District_5,School_2,715,Student_715,94
State_3,District_5,School_2,716,Student_716,461
State_3,District_5,School_2,717,Student_717,189
State_3,District_5,School_2,718,Student_718,10
State_3,District_5,School_2,719,Student_719,175
State_3,District_5,School_2,720,Student_720,875
State_3,District_5,School_3,721,Student_721,888
State_3,District_5,School_3,722,Student_722,281
State_3,District_5,School_3,723,Student_723,169
State_3,District_5,School_3,724,Student_724,481
State_3,District_5,School_3,725,Student_725,121
State_3,District_5,School_3,726,Student_726,562
State_3,District_5,School_3,727,Student_727,470
State_3,District_5,School_3,728,Student_728,114
State_3,District_5,School_3,729,Student_729,937
State_3,District_5,School_3,730,Student_730,823
State_3,District_5,School_4,731,Student_731,499
State_3,District_5,School_4,732,Student_732,489
State_3,District_5,School_4,733,Student_733,65
State_3,District_5,School_4,734,Student_734,994
State_3,District_5,School_4,735,Student_735,21
State_3,District_5,School_4,736,Student_736,395
State_3,District_5,School_4,737,Student_737,669
State_3,District_5,School_4,738,Student_738,725
State_3,District_5,School_4,739,Student_739,674
State_3,District_5,School_4,740,Student_740,91
State_3,District_5,School_5,741,Student_741,754
State_3,District_5,School_5,742,Student_742,988
State_3,District_5,School_5,743,Student_743,131
State_3,District_5,School_5,744,Student_744,172
State_3,District_5,School_5,745,Student_745,105
State_3,District_5,School_5,746,Student_746,416
State_3,District_5,School_5,747,Student_747,946
State_3,District_5,School_5,748,Student_748,674
State_3,District_5,School_5,749,Student_749,632
State_3,District_5,School_5,750,Student_750,700
State_4,District_1,School_1,751,Student_751,334
State_4,District_1,School_1,752,Student_752,716
State_4,District_1,School_1,753,Student_753,669
State_4,District_1,School_1,754,Student_754,211
State_4,District_1,School_1,755,Student_755,330
State_4,District_1,School_1,756,Student_756,290
State_4,District_1,School_1,757,Student_757,847
State_4,District_1,School_1,758,Student_758,275
State_4,District_1,School_1,759,Student_759,520
State_4,District_1,School_1,760,Student_760,148
State_4,District_1,School_2,761,Student_761,606
State_4,District_1,School_2,762,Student_762,467
State_4,District_1,School_2,763,Student_763,292
State_4,District_1,School_2,764,Student_764,556
State_4,District_1,School_2,765,Student_765,493
State_4,District_1,School_2,766,Student_766,142
State_4,District_1,School_2,767,Student_767,770
State_4,District_1,School_2,768,Student_768,710
State_4,District_1,School_2,769,Student_769,283
State_4,District_1,School_2,770,Student_770,419
State_4,District_1,School_3,771,Student_771,915
State_4,District_1,School_3,772,Student_772,155
State_4,District_1,School_3,773,Student_773,379
State_4,District_1,School_3,774,Student_774,246
State_4,District_1,School_3,775,Student_775,433
State_4,District_1,School_3,776,Student_776,898
State_4,District_1,School_3,777,Student_777,469
State_4,District_1,School_3,778,Student_778,840
State_4,District_1,School_3,779,Student_779,80
State_4,District_1,School_3,780,Student_780,560
State_4,District_1,School_4,781,Student_781,638
State_4,District_1,School_4,782,Student_782,415
State_4,District_1,School_4,783,Student_783,823
State_4,District_1,School_4,784,Student_784,213
State_4,District_1,School_4,785,Student_785,773
State_4,District_1,School_4,786,Student_786,709
State_4,District_1,School_4,787,Student_787,352
State_4,District_1,School_4,788,Student_788,463
State_4,District_1,School_4,789,Student_789,431
State_4,District_1,School_4,790,Student_790,556
State_4,District_1,School_5,791,Student_791,744
State_4,District_1,School_5,792,Student_792,4
State_4,District_1,School_5,793,Student_793,937
State_4,District_1,School_5,794,Student_794,467
State_4,District_1,School_5,795,Student_795,934
State_4,District_1,School_5,796,Student_796,422
State_4,District_1,School_5,797,Student_797,731
State_4,District_1,School_5,798,Student_798,441
State_4,District_1,School_5,799,Student_799,402
State_4,District_1,School_5,800,Student_800,301
State_4,District_2,School_1,801,Student_801,447
State_4,District_2,School_1,802,Student_802,367
State_4,District_2,School_1,803,Student_803,597
State_4,District_2,School_1,804,Student_804,586
State_4,District_2,School_1,805,Student_805,196
State_4,District_2,School_1,806,Student_806,190
State_4,District_2,School_1,807,Student_807,783
State_4,District_2,School_1,808,Student_808,524
State_4,District_2,School_1,809,Student_809,71
State_4,District_2,School_1,810,Student_810,418
State_4,District_2,School_2,811,Student_811,197
State_4,District_2,School_2,812,Student_812,873
State_4,District_2,School_2,813,Student_813,265
State_4,District_2,School_2,814,Student_814,221
State_4,District_2,School_2,815,Student_815,245
State_4,District_2,School_2,816,Student_816,426
State_4,District_2,School_2,817,Student_817,473
State_4,District_2,School_2,818,Student_818,283
State_4,District_2,School_2,819,Student_819,6
State_4,District_2,School_2,820,Student_820,756
State_4,District_2,School_3,821,Student_821,615
State_4,District_2,School_3,822,Student_822,793
State_4,District_2,School_3,823,Student_823,997
State_4,District_2,School_3,824,Student_824,423
State_4,District_2,School_3,825,Student_825,578
State_4,District_2,School_3,826,Student_826,501
State_4,District_2,School_3,827,Student_827,649
State_4,District_2,School_3,828,Student_828,200
State_4,District_2,School_3,829,Student_829,739
State_4,District_2,School_3,830,Student_830,37
State_4,District_2,School_4,831,Student_831,231
State_4,District_2,School_4,832,Student_832,474
State_4,District_2,School_4,833,Student_833,39
State_4,District_2,School_4,834,Student_834,762
State_4,District_2,School_4,835,Student_835,696
State_4,District_2,School_4,836,Student_836,202
State_4,District_2,School_4,837,Student_837,430
State_4,District_2,School_4,838,Student_838,353
State_4,District_2,School_4,839,Student_839,888
State_4,District_2,School_4,840,Student_840,461
State_4,District_2,School_5,841,Student_841,368
State_4,District_2,School_5,842,Student_842,161
State_4,District_2,School_5,843,Student_843,829
State_4,District_2,School_5,844,Student_844,791
State_4,District_2,School_5,845,Student_845,521
State_4,District_2,School_5,846,Student_846,428
State_4,District_2,School_5,847,Student_847,525
State_4,District_2,School_5,848,Student_848,581
State_4,District_2,School_5,849,Student_849,430
State_4,District_2,School_5,850,Student_850,592
State_4,District_3,School_1,851,Student_851,342
State_4,District_3,School_1,852,Student_852,944
State_4,District_3,School_1,853,Student_853,212
State_4,District_3,School_1,854,Student_854,14
State_4,District_3,School_1,855,Student_855,270
State_4,District_3,School_1,856,Student_856,169
State_4,District_3,School_1,857,Student_857,59
State_4,District_3,School_1,858,Student_858,176
State_4,District_3,School_1,859,Student_859,473
State_4,District_3,School_1,860,Student_860,15
State_4,District_3,School_2,861,Student_861,890
State_4,District_3,School_2,862,Student_862,573
State_4,District_3,School_2,863,Student_863,913
State_4,District_3,School_2,864,Student_864,881
State_4,District_3,School_2,865,Student_865,311
State_4,District_3,School_2,866,Student_866,867
State_4,District_3,School_2,867,Student_867,122
State_4,District_3,School_2,868,Student_868,25
State_4,District_3,School_2,869,Student_869,1
State_4,District_3,School_2,870,Student_870,462
State_4,District_3,School_3,871,Student_871,419
State_4,District_3,School_3,872,Student_872,962
State_4,District_3,School_3,873,Student_873,378
State_4,District_3,School_3,874,Student_874,686
State_4,District_3,School_3,875,Student_875,202
State_4,District_3,School_3,876,Student_876,978
State_4,District_3,School_3,877,Student_877,999
State_4,District_3,School_3,878,Student_878,647
State_4,District_3,School_3,879,Student_879,525
State_4,District_3,School_3,880,Student_880,392
State_4,District_3,School_4,881,Student_881,337
State_4,District_3,School_4,882,Student_882,310
State_4,District_3,School_4,883,Student_883,64
State_4,District_3,School_4,884,Student_884,480
State_4,District_3,School_4,885,Student_885,342
State_4,District_3,School_4,886,Student_886,178
State_4,District_3,School_4,887,Student_887,78
State_4,District_3,School_4,888,Student_888,207
State_4,District_3,School_4,889,Student_889,610
State_4,District_3,School_4,890,Student_890,854
State_4,District_3,School_5,891,Student_891,891
State_4,District_3,School_5,892,Student_892,381
State_4,District_3,School_5,893,Student_893,482
State_4,District_3,School_5,894,Student_894,529
State_4,District_3,School_5,895,Student_895,436
State_4,District_3,School_5,896,Student_896,803
State_4,District_3,School_5,897,Student_897,627
State_4,District_3,School_5,898,Student_898,681
State_4,District_3,School_5,899,Student_899,682
State_4,District_3,School_5,900,Student_900,254
State_4,District_4,School_1,901,Student_901,673
State_4,District_4,School_1,902,Student_902,27
State_4,District_4,School_1,903,Student_903,536
State_4,District_4,School_1,904,Student_904,501
State_4,District_4,School_1,905,Student_905,286
State_4,District_4,School_1,906,Student_906,174
State_4,District_4,School_1,907,Student_907,977
State_4,District_4,School_1,908,Student_908,284
State_4,District_4,School_1,909,Student_909,920
State_4,District_4,School_1,910,Student_910,928
State_4,District_4,School_2,911,Student_911,310
State_4,District_4,School_2,912,Student_912,1000
State_4,District_4,School_2,913,Student_913,69
State_4,District_4,School_2,914,Student_914,362
State_4,District_4,School_2,915,Student_915,97
State_4,District_4,School_2,916,Student_916,438
State_4,District_4,School_2,917,Student_917,222
State_4,District_4,School_2,918,Student_918,453
State_4,District_4,School_2,919,Student_919,633
State_4,District_4,School_2,920,Student_920,717
State_4,District_4,School_3,921,Student_921,465
State_4,District_4,School_3,922,Student_922,284
State_4,District_4,School_3,923,Student_923,946
State_4,District_4,School_3,924,Student_924,16
State_4,District_4,School_3,925,Student_925,452
State_4,District_4,School_3,926,Student_926,742
State_4,District_4,School_3,927,Student_927,247
State_4,District_4,School_3,928,Student_928,272
State_4,District_4,School_3,929,Student_929,369
State_4,District_4,School_3,930,Student_930,954
State_4,District_4,School_4,931,Student_931,358
State_4,District_4,School_4,932,Student_932,22
State_4,District_4,School_4,933,Student_933,346
State_4,District_4,School_4,934,Student_934,273
State_4,District_4,School_4,935,Student_935,603
State_4,District_4,School_4,936,Student_936,70
State_4,District_4,School_4,937,Student_937,209
State_4,District_4,School_4,938,Student_938,36
State_4,District_4,School_4,939,Student_939,834
State_4,District_4,School_4,940,Student_940,702
State_4,District_4,School_5,941,Student_941,213
State_4,District_4,School_5,942,Student_942,268
State_4,District_4,School_5,943,Student_943,920
State_4,District_4,School_5,944,Student_944,196
State_4,District_4,School_5,945,Student_945,521
State_4,District_4,School_5,946,Student_946,646
State_4,District_4,School_5,947,Student_947,193
State_4,District_4,School_5,948,Student_948,782
State_4,District_4,School_5,949,Student_949,183
State_4,District_4,School_5,950,Student_950,727
State_4,District_5,School_1,951,Student_951,158
State_4,District_5,School_1,952,Student_952,10
State_4,District_5,School_1,953,Student_953,347
State_4,District_5,School_1,954,Student_954,515
State_4,District_5,School_1,955,Student_955,753
State_4,District_5,School_1,956,Student_956,117
State_4,District_5,School_1,957,Student_957,558
State_4,District_5,School_1,958,Student_958,197
State_4,District_5,School_1,959,Student_959,758
State_4,District_5,School_1,960,Student_960,984
State_4,District_5,School_2,961,Student_961,972
State_4,District_5,School_2,962,Student_962,280
State_4,District_5,School_2,963,Student_963,593
State_4,District_5,School_2,964,Student_964,567
State_4,District_5,School_2,965,Student_965,635
State_4,District_5,School_2,966,Student_966,900
State_4,District_5,School_2,967,Student_967,947
State_4,District_5,School_2,968,Student_968,733
State_4,District_5,School_2,969,Student_969,960
State_4,District_5,School_2,970,Student_970,617
State_4,District_5,School_3,971,Student_971,877
State_4,District_5,School_3,972,Student_972,713
State_4,District_5,School_3,973,Student_973,643
State_4,District_5,School_3,974,Student_974,934
State_4,District_5,School_3,975,Student_975,880
State_4,District_5,School_3,976,Student_976,953
State_4,District_5,School_3,977,Student_977,372
State_4,District_5,School_3,978,Student_978,111
State_4,District_5,School_3,979,Student_979,855
State_4,District_5,School_3,980,Student_980,54
State_4,District_5,School_4,981,Student_981,398
State_4,District_5,School_4,982,Student_982,482
State_4,District_5,School_4,983,Student_983,538
State_4,District_5,School_4,984,Student_984,429
State_4,District_5,School_4,985,Student_985,625
State_4,District_5,School_4,986,Student_986,712
State_4,District_5,School_4,987,Student_987,330
State_4,District_5,School_4,988,Student_988,969
State_4,District_5,School_4,989,Student_989,218
State_4,District_5,School_4,990,Student_990,233
State_4,District_5,School_5,991,Student_991,379
State_4,District_5,School_5,992,Student_992,966
State_4,District_5,School_5,993,Student_993,246
State_4,District_5,School_5,994,Student_994,280
State_4,District_5,School_5,995,Student_995,824
State_4,District_5,School_5,996,Student_996,690
State_4,District_5,School_5,997,Student_997,903
State_4,District_5,School_5,998,Student_998,323
State_4,District_5,School_5,999,Student_999,319
State_4,District_5,School_5,1000,Student_1000,886
State_5,District_1,School_1,1001,Student_1001,18
State_5,District_1,School_1,1002,Student_1002,710
State_5,District_1,School_1,1003,Student_1003,330
State_5,District_1,School_1,1004,Student_1004,249
State_5,District_1,School_1,1005,Student_1005,399
State_5,District_1,School_1,1006,Student_1006,495
State_5,District_1,School_1,1007,Student_1007,56
State_5,District_1,School_1,1008,Student_1008,480
State_5,District_1,School_1,1009,Student_1009,632
State_5,District_1,School_1,1010,Student_1010,181
State_5,District_1,School_2,1011,Student_1011,480
State_5,District_1,School_2,1012,Student_1012,944
State_5,District_1,School_2,1013,Student_1013,827
State_5,District_1,School_2,1014,Student_1014,708
State_5,District_1,School_2,1015,Student_1015,229
State_5,District_1,School_2,1016,Student_1016,717
State_5,District_1,School_2,1017,Student_1017,456
State_5,District_1,School_2,1018,Student_1018,76
State_5,District_1,School_2,1019,Student_1019,522
State_5,District_1,School_2,1020,Student_1020,89
State_5,District_1,School_3,1021,Student_1021,185
State_5,District_1,School_3,1022,Student_1022,228
State_5,District_1,School_3,1023,Student_1023,406
State_5,District_1,School_3,1024,Student_1024,164
State_5,District_1,School_3,1025,Student_1025,455
State_5,District_1,School_3,1026,Student_1026,529
State_5,District_1,School_3,1027,Student_1027,245
State_5,District_1,School_3,1028,Student_1028,742
State_5,District_1,School_3,1029,Student_1029,819
State_5,District_1,School_3,1030,Student_1030,457
State_5,District_1,School_4,1031,Student_1031,237
State_5,District_1,School_4,1032,Student_1032,267
State_5,District_1,School_4,1033,Student_1033,528
State_5,District_1,School_4,1034,Student_1034,83
State_5,District_1,School_4,1035,Student_1035,301
State_5,District_1,School_4,1036,Student_1036,834
State_5,District_1,School_4,1037,Student_1037,177
State_5,District_1,School_4,1038,Student_1038,765
State_5,District_1,School_4,1039,Student_1039,68
State_5,District_1,School_4,1040,Student_1040,896
State_5,District_1,School_5,1041,Student_1041,493
State_5,District_1,School_5,1042,Student_1042,211
State_5,District_1,School_5,1043,Student_1043,811
State_5,District_1,School_5,1044,Student_1044,522
State_5,District_1,School_5,1045,Student_1045,115
State_5,District_1,School_5,1046,Student_1046,324
State_5,District_1,School_5,1047,Student_1047,944
State_5,District_1,School_5,1048,Student_1048,629
State_5,District_1,School_5,1049,Student_1049,971
State_5,District_1,School_5,1050,Student_1050,894
State_5,District_2,School_1,1051,Student_1051,236
State_5,District_2,School_1,1052,Student_1052,19
State_5,District_2,School_1,1053,Student_1053,969
State_5,District_2,School_1,1054,Student_1054,222
State_5,District_2,School_1,1055,Student_1055,257
State_5,District_2,School_1,1056,Student_1056,319
State_5,District_2,School_1,1057,Student_1057,611
State_5,District_2,School_1,1058,Student_1058,271
State_5,District_2,School_1,1059,Student_1059,449
State_5,District_2,School_1,1060,Student_1060,645
State_5,District_2,School_2,1061,Student_1061,99
State_5,District_2,School_2,1062,Student_1062,476
State_5,District_2,School_2,1063,Student_1063,61
State_5,District_2,School_2,1064,Student_1064,184
State_5,District_2,School_2,1065,Student_1065,864
State_5,District_2,School_2,1066,Student_1066,885
State_5,District_2,School_2,1067,Student_1067,351
State_5,District_2,School_2,1068,Student_1068,856
State_5,District_2,School_2,1069,Student_1069,270
State_5,District_2,School_2,1070,Student_1070,61
State_5,District_2,School_3,1071,Student_1071,786
State_5,District_2,School_3,1072,Student_1072,791
State_5,District_2,School_3,1073,Student_1073,842
State_5,District_2,School_3,1074,Student_1074,680
State_5,District_2,School_3,1075,Student_1075,227
State_5,District_2,School_3,1076,Student_1076,861
State_5,District_2,School_3,1077,Student_1077,106
State_5,District_2,School_3,1078,Student_1078,822
State_5,District_2,School_3,1079,Student_1079,526
State_5,District_2,School_3,1080,Student_1080,241
State_5,District_2,School_4,1081,Student_1081,238
State_5,District_2,School_4,1082,Student_1082,246
State_5,District_2,School_4,1083,Student_1083,646
State_5,District_2,School_4,1084,Student_1084,716
State_5,District_2,School_4,1085,Student_1085,289
State_5,District_2,School_4,1086,Student_1086,288
State_5,District_2,School_4,1087,Student_1087,313
State_5,District_2,School_4,1088,Student_1088,411
State_5,District_2,School_4,1089,Student_1089,730
State_5,District_2,School_4,1090,Student_1090,488
State_5,District_2,School_5,1091,Student_1091,62
State_5,District_2,School_5,1092,Student_1092,529
State_5,District_2,School_5,1093,Student_1093,493
State_5,District_2,School_5,1094,Student_1094,643
State_5,District_2,School_5,1095,Student_1095,185
State_5,District_2,School_5,1096,Student_1096,33
State_5,District_2,School_5,1097,Student_1097,646
State_5,District_2,School_5,1098,Student_1098,890
State_5,District_2,School_5,1099,Student_1099,126
State_5,District_2,School_5,1100,Student_1100,124
State_5,District_3,School_1,1101,Student_1101,149
State_5,District_3,School_1,1102,Student_1102,707
State_5,District_3,School_1,1103,Student_1103,342
State_5,District_3,School_1,1104,Student_1104,743
State_5,District_3,School_1,1105,Student_1105,154
State_5,District_3,School_1,1106,Student_1106,928
State_5,District_3,School_1,1107,Student_1107,139
State_5,District_3,School_1,1108,Student_1108,929
State_5,District_3,School_1,1109,Student_1109,360
State_5,District_3,School_1,1110,Student_1110,166
State_5,District_3,School_2,1111,Student_1111,895
State_5,District_3,School_2,1112,Student_1112,393
State_5,District_3,School_2,1113,Student_1113,151
State_5,District_3,School_2,1114,Student_1114,870
State_5,District_3,School_2,1115,Student_1115,483
State_5,District_3,School_2,1116,Student_1116,150
State_5,District_3,School_2,1117,Student_1117,106
State_5,District_3,School_2,1118,Student_1118,605
State_5,District_3,School_2,1119,Student_1119,1000
State_5,District_3,School_2,1120,Student_1120,781
State_5,District_3,School_3,1121,Student_1121,11
State_5,District_3,School_3,1122,Student_1122,714
State_5,District_3,School_3,1123,Student_1123,947
State_5,District_3,School_3,1124,Student_1124,119
State_5,District_3,School_3,1125,Student_1125,940
State_5,District_3,School_3,1126,Student_1126,472
State_5,District_3,School_3,1127,Student_1127,635
State_5,District_3,School_3,1128,Student_1128,995
State_5,District_3,School_3,1129,Student_1129,247
State_5,District_3,School_3,1130,Student_1130,828
State_5,District_3,School_4,1131,Student_1131,794
State_5,District_3,School_4,1132,Student_1132,573
State_5,District_3,School_4,1133,Student_1133,680
State_5,District_3,School_4,1134,Student_1134,858
State_5,District_3,School_4,1135,Student_1135,962
State_5,District_3,School_4,1136,Student_1136,382
State_5,District_3,School_4,1137,Student_1137,393
State_5,District_3,School_4,1138,Student_1138,384
State_5,District_3,School_4,1139,Student_1139,54
State_5,District_3,School_4,1140,Student_1140,974
State_5,District_3,School_5,1141,Student_1141,429
State_5,District_3,School_5,1142,Student_1142,201
State_5,District_3,School_5,1143,Student_1143,605
State_5,District_3,School_5,1144,Student_1144,582
State_5,District_3,School_5,1145,Student_1145,201
State_5,District_3,School_5,1146,Student_1146,130
State_5,District_3,School_5,1147,Student_1147,819
State_5,District_3,School_5,1148,Student_1148,121
State_5,District_3,School_5,1149,Student_1149,826
State_5,District_3,School_5,1150,Student_1150,211
State_5,District_4,School_1,1151,Student_1151,510
State_5,District_4,School_1,1152,Student_1152,999
State_5,District_4,School_1,1153,Student_1153,763
State_5,District_4,School_1,1154,Student_1154,33
State_5,District_4,School_1,1155,Student_1155,971
State_5,District_4,School_1,1156,Student_1156,508
State_5,District_4,School_1,1157,Student_1157,642
State_5,District_4,School_1,1158,Student_1158,637
State_5,District_4,School_1,1159,Student_1159,346
State_5,District_4,School_1,1160,Student_1160,325
State_5,District_4,School_2,1161,Student_1161,60
State_5,District_4,School_2,1162,Student_1162,887
State_5,District_4,School_2,1163,Student_1163,478
State_5,District_4,School_2,1164,Student_1164,247
State_5,District_4,School_2,1165,Student_1165,759
State_5,District_4,School_2,1166,Student_1166,939
State_5,District_4,School_2,1167,Student_1167,528
State_5,District_4,School_2,1168,Student_1168,66
State_5,District_4,School_2,1169,Student_1169,845
State_5,District_4,School_2,1170,Student_1170,575
State_5,District_4,School_3,1171,Student_1171,870
State_5,District_4,School_3,1172,Student_1172,916
State_5,District_4,School_3,1173,Student_1173,325
State_5,District_4,School_3,1174,Student_1174,115
State_5,District_4,School_3,1175,Student_1175,265
State_5,District_4,School_3,1176,Student_1176,538
State_5,District_4,School_3,1177,Student_1177,712
State_5,District_4,School_3,1178,Student_1178,332
State_5,District_4,School_3,1179,Student_1179,629
State_5,District_4,School_3,1180,Student_1180,822
State_5,District_4,School_4,1181,Student_1181,236
State_5,District_4,School_4,1182,Student_1182,214
State_5,District_4,School_4,1183,Student_1183,513
State_5,District_4,School_4,1184,Student_1184,35
State_5,District_4,School_4,1185,Student_1185,46
State_5,District_4,School_4,1186,Student_1186,50
State_5,District_4,School_4,1187,Student_1187,770
State_5,District_4,School_4,1188,Student_1188,727
State_5,District_4,School_4,1189,Student_1189,35
State_5,District_4,School_4,1190,Student_1190,206
State_5,District_4,School_5,1191,Student_1191,57
State_5,District_4,School_5,1192,Student_1192,44
State_5,District_4,School_5,1193,Student_1193,48
State_5,District_4,School_5,1194,Student_1194,90
State_5,District_4,School_5,1195,Student_1195,160
State_5,District_4,School_5,1196,Student_1196,352
State_5,District_4,School_5,1197,Student_1197,341
State_5,District_4,School_5,1198,Student_1198,902
State_5,District_4,School_5,1199,Student_1199,100
State_5,District_4,School_5,1200,Student_1200,878
State_5,District_5,School_1,1201,Student_1201,245
State_5,District_5,School_1,1202,Student_1202,362
State_5,District_5,School_1,1203,Student_1203,938
State_5,District_5,School_1,1204,Student_1204,674
State_5,District_5,School_1,1205,Student_1205,500
State_5,District_5,School_1,1206,Student_1206,469
State_5,District_5,School_1,1207,Student_1207,964
State_5,District_5,School_1,1208,Student_1208,991
State_5,District_5,School_1,1209,Student_1209,700
State_5,District_5,School_1,1210,Student_1210,950
State_5,District_5,School_2,1211,Student_1211,860
State_5,District_5,School_2,1212,Student_1212,475
State_5,District_5,School_2,1213,Student_1213,176
State_5,District_5,School_2,1214,Student_1214,91
State_5,District_5,School_2,1215,Student_1215,230
State_5,District_5,School_2,1216,Student_1216,152
State_5,District_5,School_2,1217,Student_1217,919
State_5,District_5,School_2,1218,Student_1218,965
State_5,District_5,School_2,1219,Student_1219,559
State_5,District_5,School_2,1220,Student_1220,196
State_5,District_5,School_3,1221,Student_1221,577
State_5,District_5,School_3,1222,Student_1222,829
State_5,District_5,School_3,1223,Student_1223,277
State_5,District_5,School_3,1224,Student_1224,422
State_5,District_5,School_3,1225,Student_1225,170
State_5,District_5,School_3,1226,Student_1226,616
State_5,District_5,School_3,1227,Student_1227,315
State_5,District_5,School_3,1228,Student_1228,763
State_5,District_5,School_3,1229,Student_1229,289
State_5,District_5,School_3,1230,Student_1230,520
State_5,District_5,School_4,1231,Student_1231,873
State_5,District_5,School_4,1232,Student_1232,886
State_5,District_5,School_4,1233,Student_1233,89
State_5,District_5,School_4,1234,Student_1234,662
State_5,District_5,School_4,1235,Student_1235,239
State_5,District_5,School_4,1236,Student_1236,322
State_5,District_5,School_4,1237,Student_1237,813
State_5,District_5,School_4,1238,Student_1238,436
State_5,District_5,School_4,1239,Student_1239,932
State_5,District_5,School_4,1240,Student_1240,259
State_5,District_5,School_5,1241,Student_1241,78
State_5,District_5,School_5,1242,Student_1242,680
State_5,District_5,School_5,1243,Student_1243,488
State_5,District_5,School_5,1244,Student_1244,842
State_5,District_5,School_5,1245,Student_1245,357
State_5,District_5,School_5,1246,Student_1246,228
State_5,District_5,School_5,1247,Student_1247,736
State_5,District_5,School_5,1248,Student_1248,803
State_5,District_5,School_5,1249,Student_1249,577
State_5,District_5,School_5,1250,Student_1250,810
